customerID,tenure,Contract,MonthlyCharges,InternetService,PaymentMethod,TechSupport,OnlineSecurity,DeviceProtection,Churn
5760-IFJOZ,3,Month-to-month,107.95,"Fiber optic","Mailed check",No,No,Yes,No
2027-FECZV,12,Month-to-month,106.7,"Fiber optic","Electronic check",No,No,Yes,Yes
1400-MMYXY,3,Month-to-month,105.9,"Fiber optic","Electronic check",No,No,Yes,Yes
3389-YGYAI,8,Month-to-month,105.5,"Fiber optic","Electronic check",No,No,Yes,Yes
5052-PNLOS,3,Month-to-month,105.35,"Fiber optic","Bank transfer (automatic)",No,No,Yes,Yes
6734-GMPVK,5,Month-to-month,105.3,"Fiber optic","Electronic check",No,No,Yes,No
7145-FEJWU,12,Month-to-month,105.3,"Fiber optic","Electronic check",No,No,Yes,No
4587-VVTOX,6,Month-to-month,105.3,"Fiber optic","Electronic check",No,No,Yes,Yes
6496-SLWHQ,3,Month-to-month,105,"Fiber optic","Electronic check",No,No,Yes,Yes
5923-GXUOC,10,Month-to-month,104.4,"Fiber optic","Electronic check",No,Yes,Yes,Yes
2369-UAPKZ,5,Month-to-month,104.1,"Fiber optic","Mailed check",No,No,Yes,Yes
9547-ITEFG,9,Month-to-month,102.6,"Fiber optic","Credit card (automatic)",No,No,Yes,No
7181-BQYBV,1,Month-to-month,102.45,"Fiber optic","Electronic check",No,Yes,Yes,Yes
1465-VINDH,10,Month-to-month,102.1,"Fiber optic","Credit card (automatic)",No,No,Yes,Yes
6688-UZPWD,11,Month-to-month,102,"Fiber optic","Electronic check",No,No,No,Yes
8884-ADFVN,7,Month-to-month,101.95,"Fiber optic","Electronic check",No,No,Yes,Yes
0702-PGIBZ,4,Month-to-month,101.7,"Fiber optic","Electronic check",No,No,No,Yes
5299-SJCZT,3,Month-to-month,101.55,"Fiber optic","Bank transfer (automatic)",No,No,Yes,Yes
5419-JPRRN,1,Month-to-month,101.45,"Fiber optic","Electronic check",No,No,Yes,Yes
3902-FOIGH,12,Month-to-month,101.35,"Fiber optic","Electronic check",No,No,No,Yes
7234-FECYN,8,Month-to-month,101.35,"Fiber optic","Electronic check",No,No,Yes,Yes
0880-TKATG,4,Month-to-month,101.15,"Fiber optic","Electronic check",No,No,Yes,Yes
0302-JOIVN,8,Month-to-month,101.15,"Fiber optic","Electronic check",No,No,Yes,Yes
6023-YEBUP,3,Month-to-month,100.95,"Fiber optic","Electronic check",No,No,Yes,Yes
6326-MTTXK,8,Month-to-month,100.85,"Fiber optic","Electronic check",No,No,No,Yes
7216-EWTRS,1,Month-to-month,100.8,"Fiber optic","Electronic check",No,No,Yes,Yes
4078-SAYYN,11,Month-to-month,100.75,"Fiber optic","Electronic check",No,No,Yes,Yes
4822-RVYBB,8,Month-to-month,100.6,"Fiber optic","Electronic check",No,No,Yes,Yes
2968-SSGAA,10,Month-to-month,100.6,"Fiber optic","Electronic check",No,No,Yes,Yes
0781-LKXBR,9,Month-to-month,100.5,"Fiber optic","Electronic check",No,No,Yes,Yes
9681-OXGVC,5,Month-to-month,100.5,"Fiber optic","Electronic check",No,No,Yes,Yes
5299-RULOA,10,Month-to-month,100.25,"Fiber optic","Electronic check",No,Yes,No,Yes
3178-FESZO,1,Month-to-month,100.25,"Fiber optic","Credit card (automatic)",No,No,No,Yes
2656-TABEH,4,Month-to-month,100.2,"Fiber optic","Electronic check",No,No,No,Yes
7379-FNIUJ,2,Month-to-month,100.2,"Fiber optic","Electronic check",No,Yes,No,No
2612-RANWT,12,Month-to-month,100.15,"Fiber optic","Bank transfer (automatic)",No,No,Yes,Yes
3811-VBYBZ,7,Month-to-month,99.8,"Fiber optic","Electronic check",No,No,No,Yes
5419-CONWX,4,Month-to-month,99.8,"Fiber optic","Credit card (automatic)",No,No,Yes,Yes
0107-YHINA,1,Month-to-month,99.75,"Fiber optic","Electronic check",No,No,Yes,Yes
7783-YKGDV,12,Month-to-month,99.7,"Fiber optic","Bank transfer (automatic)",No,Yes,Yes,Yes
9305-CDSKC,8,Month-to-month,99.65,"Fiber optic","Electronic check",No,No,Yes,Yes
2265-CYWIV,4,Month-to-month,99.6,"Fiber optic","Electronic check",No,Yes,No,Yes
2012-NWRPA,11,Month-to-month,99.55,"Fiber optic","Electronic check",No,No,Yes,Yes
0897-FEGMU,11,Month-to-month,99.5,"Fiber optic","Electronic check",No,No,Yes,Yes
6210-KBBPI,9,Month-to-month,99.45,"Fiber optic","Credit card (automatic)",No,No,No,Yes
7450-NWRTR,12,Month-to-month,99.45,"Fiber optic","Electronic check",No,No,Yes,Yes
4445-ZJNMU,9,Month-to-month,99.3,"Fiber optic","Credit card (automatic)",No,No,No,No
6861-XWTWQ,7,Month-to-month,99.25,"Fiber optic","Electronic check",No,No,Yes,Yes
6956-SMUCM,3,Month-to-month,99,"Fiber optic","Credit card (automatic)",No,Yes,Yes,Yes
9172-ANCRX,10,Month-to-month,98.7,"Fiber optic","Electronic check",No,Yes,No,Yes
5138-WVKYJ,10,Month-to-month,98.55,"Fiber optic","Electronic check",No,Yes,No,Yes
1455-UGQVH,10,Month-to-month,98.5,"Fiber optic","Electronic check",No,No,Yes,Yes
9734-YWGEX,9,Month-to-month,98.3,"Fiber optic","Credit card (automatic)",No,No,Yes,Yes
2446-BEGGB,6,Month-to-month,98.25,"Fiber optic","Electronic check",No,No,No,Yes
2454-RPBRZ,12,Month-to-month,98.1,"Fiber optic","Electronic check",No,No,Yes,Yes
0655-RBDUG,7,Month-to-month,98.05,"Fiber optic","Bank transfer (automatic)",No,No,Yes,Yes
6108-OQZDQ,4,Month-to-month,97.95,"Fiber optic","Electronic check",No,No,No,Yes
8168-UQWWF,11,Month-to-month,97.85,"Fiber optic","Bank transfer (automatic)",No,No,Yes,Yes
6645-MXQJT,2,Month-to-month,97.1,"Fiber optic","Electronic check",No,Yes,No,No
9057-SIHCH,3,Month-to-month,96.6,"Fiber optic","Electronic check",No,No,No,Yes
4566-NECEV,5,Month-to-month,96.55,"Fiber optic","Electronic check",No,No,Yes,No
1010-DIAUQ,5,Month-to-month,96.5,"Fiber optic","Bank transfer (automatic)",No,No,Yes,Yes
7548-SEPYI,5,Month-to-month,96.25,"Fiber optic","Electronic check",No,No,No,Yes
4060-LDNLU,7,Month-to-month,96.2,"Fiber optic","Electronic check",No,No,No,No
7526-BEZQB,12,Month-to-month,96.05,"Fiber optic","Electronic check",No,No,No,Yes
3158-MOERK,2,Month-to-month,96,"Fiber optic","Electronic check",No,No,No,Yes
2180-DXNEG,12,Month-to-month,96,"Fiber optic","Electronic check",No,No,Yes,Yes
0754-UKWQP,2,Month-to-month,95.85,"Fiber optic","Electronic check",No,No,Yes,Yes
3319-DWOEP,6,Month-to-month,95.75,"Fiber optic","Electronic check",No,No,Yes,Yes
6857-VWJDT,1,Month-to-month,95.65,"Fiber optic","Mailed check",No,No,No,Yes
8413-VONUO,2,Month-to-month,95.65,"Fiber optic","Electronic check",No,No,No,Yes
3585-ISXZP,8,Month-to-month,95.65,"Fiber optic","Bank transfer (automatic)",No,No,No,Yes
3643-AHCFP,7,Month-to-month,95.6,"Fiber optic","Bank transfer (automatic)",No,No,No,Yes
6356-ELRKD,1,Month-to-month,95.6,"Fiber optic","Electronic check",No,Yes,No,Yes
4929-XIHVW,2,Month-to-month,95.5,"Fiber optic","Credit card (automatic)",No,No,Yes,No
0564-JJHGS,9,Month-to-month,95.5,"Fiber optic","Electronic check",No,No,No,Yes
8098-LLAZX,4,Month-to-month,95.45,"Fiber optic","Electronic check",No,No,No,Yes
0295-PPHDO,1,Month-to-month,95.45,"Fiber optic","Electronic check",No,No,No,Yes
2984-AFWNC,3,Month-to-month,95.4,"Fiber optic","Electronic check",No,No,No,No
8357-EQXFO,7,Month-to-month,95.35,"Fiber optic","Electronic check",No,No,Yes,Yes
2660-EMUBI,10,Month-to-month,95.35,"Fiber optic","Electronic check",No,No,No,Yes
1960-UYCNN,10,Month-to-month,95.25,"Fiber optic","Electronic check",No,No,Yes,No
3049-SOLAY,3,Month-to-month,95.2,"Fiber optic","Electronic check",No,No,No,Yes
2754-VDLTR,10,Month-to-month,95.2,"Fiber optic","Electronic check",No,No,No,Yes
7851-WZEKY,2,Month-to-month,95.15,"Fiber optic","Electronic check",No,No,No,Yes
6328-ZPBGN,11,Month-to-month,95.15,"Fiber optic","Bank transfer (automatic)",No,No,No,Yes
9944-HKVVB,3,Month-to-month,95.1,"Fiber optic","Electronic check",No,No,No,Yes
5178-LMXOP,1,Month-to-month,95.1,"Fiber optic","Electronic check",No,No,No,Yes
3874-EQOEP,7,Month-to-month,95,"Fiber optic","Mailed check",No,No,No,Yes
0094-OIFMO,11,Month-to-month,95,"Fiber optic","Electronic check",No,No,No,Yes
0684-AOSIH,1,Month-to-month,95,"Fiber optic","Electronic check",No,Yes,No,Yes
5349-IECLD,2,Month-to-month,94.95,"Fiber optic","Electronic check",No,No,Yes,Yes
7398-SKNQZ,3,Month-to-month,94.9,"Fiber optic","Electronic check",No,No,No,No
7209-JCUDS,10,Month-to-month,94.9,"Fiber optic","Electronic check",No,No,Yes,Yes
3387-VATUS,5,Month-to-month,94.85,"Fiber optic","Bank transfer (automatic)",No,No,No,Yes
5150-ITWWB,3,Month-to-month,94.85,"Fiber optic","Electronic check",No,No,No,No
3045-XETSH,10,Month-to-month,94.85,"Fiber optic","Electronic check",No,No,Yes,Yes
5168-MSWXT,8,Month-to-month,94.75,"Fiber optic","Electronic check",No,No,Yes,No
7943-RQCHR,9,Month-to-month,94.75,"Fiber optic","Electronic check",No,No,No,Yes
6350-XFYGW,4,Month-to-month,94.75,"Fiber optic","Electronic check",No,No,Yes,No
0325-XBFAC,8,Month-to-month,94.7,"Fiber optic","Electronic check",No,No,Yes,Yes
6502-HCJTI,7,Month-to-month,94.7,"Fiber optic","Credit card (automatic)",No,Yes,No,Yes
4910-GMJOT,1,Month-to-month,94.6,"Fiber optic","Electronic check",No,No,No,Yes
5567-WSELE,3,Month-to-month,94.6,"Fiber optic","Electronic check",No,No,No,Yes
3338-CVVEH,12,Month-to-month,94.55,"Fiber optic","Electronic check",No,No,No,No
6101-IMRMM,6,Month-to-month,94.5,"Fiber optic","Mailed check",No,No,Yes,Yes
3217-FZDMN,8,Month-to-month,94.45,"Fiber optic","Credit card (automatic)",No,No,Yes,Yes
4192-GORJT,5,Month-to-month,94.45,"Fiber optic","Electronic check",No,No,Yes,Yes
5698-BQJOH,9,Month-to-month,94.4,"Fiber optic","Electronic check",No,No,No,Yes
9223-UCPVT,1,Month-to-month,94.4,"Fiber optic","Electronic check",No,No,Yes,Yes
1374-DMZUI,4,Month-to-month,94.3,"Fiber optic","Electronic check",No,No,No,Yes
2645-QTLMB,7,Month-to-month,94.25,"Fiber optic","Electronic check",No,No,No,Yes
2929-ERCFZ,8,Month-to-month,94.2,"Fiber optic","Electronic check",No,No,Yes,Yes
5519-NPHVG,12,Month-to-month,94.2,"Fiber optic","Electronic check",No,No,No,Yes
3006-XIMLN,2,Month-to-month,94.2,"Fiber optic","Bank transfer (automatic)",No,No,No,Yes
8161-QYMTT,7,Month-to-month,94.1,"Fiber optic","Electronic check",No,No,No,No
8087-LGYHQ,9,Month-to-month,94.05,"Fiber optic","Electronic check",No,No,Yes,No
6137-NICCO,6,Month-to-month,94.05,"Fiber optic","Mailed check",No,No,Yes,No
1567-DSCIC,8,Month-to-month,94,"Fiber optic","Electronic check",No,No,Yes,Yes
9300-AGZNL,1,Month-to-month,94,"Fiber optic","Electronic check",No,No,No,Yes
2982-VPSGI,11,Month-to-month,94,"Fiber optic","Electronic check",No,No,No,Yes
2720-WGKHP,2,Month-to-month,94,"Fiber optic","Electronic check",No,No,No,Yes
5380-AFSSK,5,Month-to-month,93.9,"Fiber optic","Mailed check",No,No,No,Yes
7024-OHCCK,2,Month-to-month,93.85,"Fiber optic","Electronic check",No,No,No,Yes
4626-GYCZP,7,Month-to-month,93.85,"Fiber optic","Electronic check",No,No,No,Yes
8149-RSOUN,1,Month-to-month,93.85,"Fiber optic","Electronic check",No,No,No,Yes
4424-TKOPW,2,Month-to-month,93.85,"Fiber optic","Electronic check",No,No,No,Yes
9497-QCMMS,1,Month-to-month,93.55,"Fiber optic","Electronic check",No,No,No,Yes
9025-AOMKI,6,Month-to-month,93.55,"Fiber optic","Bank transfer (automatic)",No,No,No,Yes
6521-YYTYI,1,Month-to-month,93.3,"Fiber optic","Electronic check",No,No,No,Yes
2462-XIIJB,5,Month-to-month,92.5,"Fiber optic","Electronic check",No,No,Yes,Yes
4145-UQXUQ,8,Month-to-month,92.1,"Fiber optic","Electronic check",No,No,Yes,Yes
3318-NMQXL,3,Month-to-month,92,"Fiber optic","Electronic check",No,No,No,No
5442-UTCVD,3,Month-to-month,91.85,"Fiber optic","Electronic check",No,No,Yes,Yes
9940-HPQPG,9,Month-to-month,91.75,"Fiber optic","Bank transfer (automatic)",No,Yes,Yes,Yes
6892-EZDTG,4,Month-to-month,91.65,"Fiber optic","Electronic check",No,No,No,Yes
5095-AESKG,3,Month-to-month,91.5,"Fiber optic","Credit card (automatic)",No,No,No,Yes
4927-WWOOZ,2,Month-to-month,91.45,"Fiber optic","Electronic check",No,No,Yes,No
9546-CQJSU,2,Month-to-month,91.4,"Fiber optic","Electronic check",No,No,Yes,Yes
8414-MYSHR,5,Month-to-month,91.4,"Fiber optic","Electronic check",No,No,No,Yes
3988-RQIXO,1,Month-to-month,91.3,"Fiber optic","Electronic check",No,No,No,Yes
3398-FSHON,12,Month-to-month,91.3,"Fiber optic","Electronic check",No,No,No,Yes
5091-HFAZW,2,Month-to-month,91.15,"Fiber optic","Electronic check",No,Yes,No,No
2672-HUYVI,6,Month-to-month,91.1,"Fiber optic","Electronic check",No,No,No,Yes
1389-CXMLU,3,Month-to-month,91.05,"Fiber optic","Electronic check",No,No,Yes,Yes
2472-OVKUP,6,Month-to-month,91,"Fiber optic","Electronic check",No,No,Yes,Yes
5167-ZFFMM,1,Month-to-month,90.85,"Fiber optic","Credit card (automatic)",No,No,No,Yes
9725-SCPZG,1,Month-to-month,90.85,"Fiber optic","Electronic check",No,No,No,Yes
7330-WZLNC,5,Month-to-month,90.8,"Fiber optic","Electronic check",No,No,No,Yes
9846-GKXAS,9,Month-to-month,90.8,"Fiber optic","Bank transfer (automatic)",No,No,No,Yes
4137-BTIKL,2,Month-to-month,90.75,"Fiber optic","Mailed check",No,Yes,No,No
8622-ZLFKO,6,Month-to-month,90.75,"Fiber optic","Electronic check",No,No,No,No
2725-KXXWT,1,Month-to-month,90.75,"Fiber optic","Electronic check",No,No,No,Yes
0432-CAJZV,3,Month-to-month,90.7,"Fiber optic","Mailed check",No,No,No,No
5339-PXDVH,4,Month-to-month,90.65,"Fiber optic","Electronic check",No,Yes,No,No
7928-VJYAB,11,Month-to-month,90.6,"Fiber optic","Electronic check",No,No,No,No
5797-APWZC,1,Month-to-month,90.6,"Fiber optic","Electronic check",No,No,No,Yes
8775-LHDJH,1,Month-to-month,90.6,"Fiber optic","Electronic check",No,No,No,Yes
7294-TMAOP,1,Month-to-month,90.55,"Fiber optic","Electronic check",No,No,No,Yes
7274-RTAPZ,1,Month-to-month,90.55,"Fiber optic","Electronic check",No,No,No,Yes
1579-KLYDT,7,Month-to-month,90.45,"Fiber optic","Electronic check",No,No,Yes,Yes
2034-GDRCN,2,Month-to-month,90.4,"Fiber optic","Electronic check",No,No,No,Yes
0258-NOKBL,3,Month-to-month,90.4,"Fiber optic","Electronic check",No,No,Yes,No
0139-IVFJG,2,Month-to-month,90.35,"Fiber optic","Electronic check",No,Yes,No,No
8212-DJRCH,5,Month-to-month,90.35,"Fiber optic","Mailed check",No,Yes,Yes,No
8780-IXSTS,6,Month-to-month,90.1,"Fiber optic","Electronic check",No,No,No,Yes
1941-HOSAM,1,Month-to-month,90.1,"Fiber optic","Electronic check",No,No,No,No
6969-MVBAI,9,Month-to-month,90.1,"Fiber optic","Electronic check",No,No,Yes,No
4228-ZGYUW,4,Month-to-month,90.05,"Fiber optic","Electronic check",No,No,No,Yes
3027-ZTDHO,1,Month-to-month,89.9,"Fiber optic","Electronic check",No,No,No,Yes
3071-VBYPO,3,Month-to-month,89.85,"Fiber optic","Electronic check",No,Yes,No,No
1624-NALOJ,5,Month-to-month,89.8,"Fiber optic","Electronic check",No,No,No,Yes
8337-UPOAQ,10,Month-to-month,89.8,"Fiber optic","Electronic check",No,No,Yes,Yes
0135-NMXAP,12,Month-to-month,89.75,"Fiber optic","Bank transfer (automatic)",No,No,No,Yes
3462-BJQQA,6,Month-to-month,89.75,"Fiber optic","Electronic check",No,No,No,No
8999-BOHSE,11,Month-to-month,89.7,"Fiber optic","Bank transfer (automatic)",No,No,No,Yes
9565-DJPIB,4,Month-to-month,89.6,"Fiber optic","Mailed check",No,No,No,Yes
5348-CAGXB,12,Month-to-month,89.55,"Fiber optic","Electronic check",No,No,Yes,No
0970-ETWGE,1,Month-to-month,89.55,"Fiber optic","Electronic check",No,No,No,Yes
2074-GKOWZ,2,Month-to-month,89.55,"Fiber optic","Bank transfer (automatic)",No,No,No,Yes
5644-PDMZC,2,Month-to-month,89.5,"Fiber optic","Electronic check",No,No,No,Yes
9134-CEQMF,7,Month-to-month,89.5,"Fiber optic","Electronic check",No,No,No,Yes
1724-BQUHA,5,Month-to-month,89.5,"Fiber optic","Electronic check",No,No,No,Yes
4112-LUEIZ,10,Month-to-month,89.5,"Fiber optic","Electronic check",No,No,No,Yes
2990-HWIML,6,Month-to-month,89.5,"Fiber optic","Electronic check",No,No,No,Yes
7394-FKDNK,9,Month-to-month,89.45,"Fiber optic","Electronic check",No,No,No,Yes
9611-CTWIH,3,Month-to-month,89.45,"Fiber optic","Electronic check",No,No,No,Yes
4847-TAJYI,6,Month-to-month,89.35,"Fiber optic","Electronic check",No,No,No,No
7479-NITWS,7,Month-to-month,89.35,"Fiber optic","Credit card (automatic)",No,No,Yes,Yes
4273-MBHYA,1,Month-to-month,89.35,"Fiber optic","Electronic check",No,No,No,No
0345-HKJVM,6,Month-to-month,89.3,"Fiber optic","Electronic check",No,No,No,Yes
1415-YFWLT,1,Month-to-month,89.3,"Fiber optic","Electronic check",No,No,No,Yes
7577-SWIFR,1,Month-to-month,89.25,"Fiber optic","Electronic check",No,No,No,No
2865-TCHJW,4,Month-to-month,89.2,"Fiber optic","Electronic check",No,No,Yes,Yes
1173-XZPYF,11,Month-to-month,89.2,"Fiber optic","Electronic check",No,No,Yes,No
4115-NZRKS,7,Month-to-month,89.15,"Fiber optic","Electronic check",No,No,No,No
3801-HMYNL,1,Month-to-month,89.15,"Fiber optic","Mailed check",No,No,No,Yes
5429-LWCMV,12,Month-to-month,89.15,"Fiber optic","Electronic check",No,No,No,No
4853-OITSN,5,Month-to-month,89.15,"Fiber optic","Electronic check",No,Yes,No,No
1455-ESIQH,1,Month-to-month,89.1,"Fiber optic","Electronic check",No,No,No,Yes
0187-QSXOE,7,Month-to-month,89,"Fiber optic","Electronic check",No,No,No,No
4951-UKAAQ,4,Month-to-month,88.95,"Fiber optic","Electronic check",No,No,No,Yes
5842-POCOP,5,Month-to-month,88.9,"Fiber optic","Mailed check",No,Yes,Yes,Yes
2657-VPXTA,10,Month-to-month,88.85,"Fiber optic","Electronic check",No,No,No,No
1273-MTETI,4,Month-to-month,88.85,"Fiber optic","Electronic check",No,No,Yes,Yes
3068-OMWZA,1,Month-to-month,88.8,"Fiber optic","Electronic check",No,No,Yes,Yes
4695-WJZUE,2,Month-to-month,88.55,"Fiber optic","Electronic check",No,No,Yes,Yes
7228-OMTPN,4,Month-to-month,88.45,"Fiber optic","Electronic check",No,No,No,Yes
4633-MKHYU,9,Month-to-month,88.4,"Fiber optic","Mailed check",No,No,No,No
3722-WPXTK,1,Month-to-month,88.35,"Fiber optic","Electronic check",No,No,No,Yes
4123-DVHPH,9,Month-to-month,88.05,"Fiber optic","Electronic check",No,Yes,No,No
5318-IXUZF,2,Month-to-month,87.15,"Fiber optic","Bank transfer (automatic)",No,No,No,Yes
4884-ZTHVF,8,Month-to-month,87.1,"Fiber optic","Electronic check",No,No,No,No
6979-ZNSFF,8,Month-to-month,87.05,"Fiber optic","Electronic check",No,No,No,Yes
4140-MUHUG,3,Month-to-month,86.85,"Fiber optic","Electronic check",No,No,Yes,Yes
3097-NQYSN,2,Month-to-month,86.85,"Fiber optic","Mailed check",No,No,No,Yes
9451-LPGOO,7,Month-to-month,86.8,"Fiber optic","Electronic check",No,No,No,Yes
7779-LGOVN,10,Month-to-month,86.65,"Fiber optic","Electronic check",No,No,No,Yes
8603-IJWDN,1,Month-to-month,86.6,"Fiber optic","Electronic check",No,No,No,Yes
7858-GTZSP,12,Month-to-month,86.55,"Fiber optic","Electronic check",No,No,No,No
5229-PRWKT,8,Month-to-month,86.55,"Fiber optic","Electronic check",No,No,No,Yes
1925-TIBLE,7,Month-to-month,86.5,"Fiber optic","Electronic check",No,No,No,Yes
8861-HGGKB,10,Month-to-month,86.45,"Fiber optic","Electronic check",No,No,No,Yes
4285-GYRQC,7,Month-to-month,86.25,"Fiber optic","Electronic check",No,No,Yes,Yes
6275-YDUVO,2,Month-to-month,86.2,"Fiber optic","Mailed check",No,No,Yes,Yes
3797-FKOGQ,11,Month-to-month,86.2,"Fiber optic","Electronic check",No,No,No,No
1342-JPNKI,10,Month-to-month,86.05,"Fiber optic","Bank transfer (automatic)",No,No,No,Yes
2038-OEQZH,4,Month-to-month,86.05,"Fiber optic","Electronic check",No,No,Yes,No
1212-GLHMD,3,Month-to-month,86.05,"Fiber optic","Mailed check",No,Yes,No,No
4826-XTSOH,1,Month-to-month,86.05,"Fiber optic","Electronic check",No,No,No,Yes
6474-FVJLC,2,Month-to-month,86,"Fiber optic","Electronic check",No,No,No,Yes
4844-JJWUY,1,Month-to-month,86,"Fiber optic","Electronic check",No,No,No,Yes
8734-DKSTZ,10,Month-to-month,85.95,"Fiber optic","Electronic check",No,No,No,No
4952-YSOGZ,4,Month-to-month,85.95,"Fiber optic","Electronic check",No,No,No,Yes
8132-YPVBX,6,Month-to-month,85.95,"Fiber optic","Mailed check",No,No,No,No
0220-EBGCE,2,Month-to-month,85.85,"Fiber optic","Electronic check",No,No,Yes,Yes
3049-NDXFL,1,Month-to-month,85.8,"Fiber optic","Mailed check",No,No,No,Yes
5192-EBGOV,1,Month-to-month,85.7,"Fiber optic","Electronic check",No,No,No,Yes
3916-NRPAP,3,Month-to-month,85.7,"Fiber optic","Credit card (automatic)",No,No,Yes,No
1143-NMNQJ,2,Month-to-month,85.7,"Fiber optic","Electronic check",No,No,No,Yes
0259-GBZSH,2,Month-to-month,85.65,"Fiber optic","Electronic check",No,No,No,Yes
7488-MXJIV,4,Month-to-month,85.65,"Fiber optic","Electronic check",No,No,No,Yes
7994-UYIVZ,8,Month-to-month,85.65,"Fiber optic","Bank transfer (automatic)",No,No,No,No
0697-ZMSWS,4,Month-to-month,85.65,"Fiber optic","Electronic check",No,No,No,Yes
7249-WBIYX,10,Month-to-month,85.6,"Fiber optic","Electronic check",No,No,No,Yes
0235-KGSLC,1,Month-to-month,85.55,"Fiber optic","Credit card (automatic)",No,No,Yes,Yes
5277-ZLOOR,2,Month-to-month,85.55,"Fiber optic","Electronic check",No,No,No,Yes
4395-PZMSN,5,Month-to-month,85.55,"Fiber optic","Electronic check",No,No,No,No
3247-ZVOUO,10,Month-to-month,85.55,"Fiber optic","Electronic check",No,No,No,Yes
2215-ZAFGX,9,Month-to-month,85.5,"Fiber optic","Electronic check",No,No,No,No
9124-LHCJQ,1,Month-to-month,85.45,"Fiber optic","Mailed check",No,No,No,Yes
5597-GLBUC,1,Month-to-month,85.45,"Fiber optic","Electronic check",No,No,Yes,Yes
3138-BKYAV,6,Month-to-month,85.35,"Fiber optic","Electronic check",No,No,No,Yes
2691-NZETQ,9,Month-to-month,85.35,"Fiber optic","Electronic check",No,No,No,Yes
5569-KGJHX,9,Month-to-month,85.35,"Fiber optic","Bank transfer (automatic)",No,No,No,Yes
2952-QAYZF,5,Month-to-month,85.3,"Fiber optic","Electronic check",No,No,Yes,Yes
8593-WHYHV,3,Month-to-month,85.3,"Fiber optic","Electronic check",No,No,No,Yes
2135-DQWAQ,5,Month-to-month,85.3,"Fiber optic","Mailed check",No,No,No,No
2959-FENLU,9,Month-to-month,85.3,"Fiber optic","Credit card (automatic)",No,No,Yes,No
0195-IESCP,10,Month-to-month,85.25,"Fiber optic","Electronic check",No,No,No,Yes
3106-ULWFW,8,Month-to-month,85.2,"Fiber optic","Credit card (automatic)",No,No,No,Yes
3834-XUIFC,7,Month-to-month,85.2,"Fiber optic","Mailed check",No,No,No,Yes
1200-TUZHR,8,Month-to-month,85.2,"Fiber optic","Electronic check",No,No,No,No
4548-SDBKE,5,Month-to-month,85.2,"Fiber optic","Electronic check",No,No,No,Yes
4369-HTUIF,6,Month-to-month,85.15,"Fiber optic","Bank transfer (automatic)",No,Yes,No,Yes
4536-PLEQY,12,Month-to-month,85.05,"Fiber optic","Credit card (automatic)",No,No,No,No
1069-XAIEM,1,Month-to-month,85.05,"Fiber optic","Electronic check",No,No,No,Yes
2642-DTVCO,9,Month-to-month,85.05,"Fiber optic","Electronic check",No,No,No,Yes
9282-IZGQK,1,Month-to-month,85,"Fiber optic","Electronic check",No,No,No,Yes
1628-BIZYP,1,Month-to-month,85,"Fiber optic","Electronic check",No,No,No,No
6230-BSUXY,1,Month-to-month,85,"Fiber optic","Electronic check",No,No,Yes,Yes
8837-VVWLQ,8,Month-to-month,84.95,"Fiber optic","Electronic check",No,Yes,No,Yes
8382-SHQEH,8,Month-to-month,84.9,"Fiber optic","Electronic check",No,No,No,Yes
2379-ENZGV,6,Month-to-month,84.85,"Fiber optic","Electronic check",No,No,No,Yes
6060-DRTNL,5,Month-to-month,84.85,"Fiber optic","Mailed check",No,No,Yes,Yes
2202-CUYXZ,1,Month-to-month,84.85,"Fiber optic","Electronic check",No,No,Yes,Yes
0219-YTZUE,4,Month-to-month,84.8,"Fiber optic","Bank transfer (automatic)",No,No,Yes,Yes
2205-YMZZJ,7,Month-to-month,84.8,"Fiber optic","Electronic check",No,No,No,Yes
0315-LVCRK,11,Month-to-month,84.8,"Fiber optic","Electronic check",No,No,Yes,No
4706-AXVKM,11,Month-to-month,84.8,"Fiber optic","Credit card (automatic)",No,No,No,Yes
3198-VELRD,3,Month-to-month,84.75,"Fiber optic","Bank transfer (automatic)",No,No,No,Yes
8242-SOQUO,5,Month-to-month,84.7,"Fiber optic","Electronic check",No,No,No,No
1624-WOIWJ,10,Month-to-month,84.7,"Fiber optic","Mailed check",No,Yes,No,Yes
7503-ZGUZJ,1,Month-to-month,84.65,"Fiber optic","Mailed check",No,No,No,Yes
8937-RDTHP,1,Month-to-month,84.6,"Fiber optic","Mailed check",No,Yes,No,Yes
4750-ZRXIU,4,Month-to-month,84.6,"Fiber optic","Electronic check",No,No,No,Yes
7517-LDMPS,12,Month-to-month,84.6,"Fiber optic","Electronic check",No,No,No,No
1319-YLZJG,12,Month-to-month,84.6,"Fiber optic","Electronic check",No,Yes,Yes,No
4912-PIGUY,1,Month-to-month,84.6,"Fiber optic","Electronic check",No,No,No,No
0875-CABNR,10,Month-to-month,84.6,"Fiber optic","Credit card (automatic)",No,No,Yes,Yes
8972-HJWNV,7,Month-to-month,84.55,"Fiber optic","Electronic check",No,No,No,Yes
9367-WXLCH,8,Month-to-month,84.5,"Fiber optic","Bank transfer (automatic)",No,No,No,Yes
7120-RFMVS,1,Month-to-month,84.5,"Fiber optic","Electronic check",No,No,No,Yes
5520-FVEWJ,12,Month-to-month,84.5,"Fiber optic","Electronic check",No,No,Yes,Yes
4919-IKATY,5,Month-to-month,84.5,"Fiber optic","Electronic check",No,Yes,Yes,Yes
7613-LLQFO,12,Month-to-month,84.45,"Fiber optic","Electronic check",No,No,No,Yes
8058-JMEQO,9,Month-to-month,84.45,"Fiber optic","Electronic check",No,No,No,Yes
5357-TZHPP,9,Month-to-month,84.4,"Fiber optic","Credit card (automatic)",No,No,No,Yes
7005-CCBKV,6,Month-to-month,84.4,"Fiber optic","Electronic check",No,No,No,Yes
2123-AGEEN,7,Month-to-month,84.35,"Fiber optic","Electronic check",No,No,Yes,No
0196-VULGZ,6,Month-to-month,84.35,"Fiber optic","Electronic check",No,No,No,Yes
0225-ZORZP,3,Month-to-month,84.3,"Fiber optic","Electronic check",No,No,No,No
2013-SGDXK,1,Month-to-month,84.3,"Fiber optic","Electronic check",No,No,No,Yes
5868-YWPDW,6,Month-to-month,84.2,"Fiber optic","Electronic check",No,No,No,Yes
2545-EBUPK,2,Month-to-month,84.05,"Fiber optic","Electronic check",No,No,No,No
3489-HHPFY,2,Month-to-month,84.05,"Fiber optic","Electronic check",No,No,No,No
8800-JOOCF,12,Month-to-month,84.05,"Fiber optic","Electronic check",No,No,No,No
1565-RHDJD,4,Month-to-month,84.05,"Fiber optic","Bank transfer (automatic)",No,No,Yes,Yes
8739-XNIKG,5,Month-to-month,84,"Fiber optic","Electronic check",No,No,No,No
5383-MMTWC,8,Month-to-month,84,"Fiber optic","Electronic check",No,No,No,Yes
3908-BLSYF,6,Month-to-month,83.9,"Fiber optic","Electronic check",No,No,Yes,Yes
9965-YOKZB,9,Month-to-month,83.85,"Fiber optic","Electronic check",No,No,No,Yes
6407-UTSLV,2,Month-to-month,83.8,"Fiber optic","Bank transfer (automatic)",No,No,No,No
0923-PNFUB,3,Month-to-month,83.75,"Fiber optic","Electronic check",No,No,No,Yes
5685-IIXLY,5,Month-to-month,83.6,"Fiber optic","Electronic check",No,No,No,Yes
5949-XIKAE,8,Month-to-month,83.55,"Fiber optic","Electronic check",No,No,No,Yes
8417-FMLZI,6,Month-to-month,83.55,"Fiber optic","Credit card (automatic)",No,No,No,Yes
8931-GJJIQ,9,Month-to-month,83.3,"Fiber optic","Electronic check",No,No,No,Yes
6630-UJZMY,4,Month-to-month,83.25,"Fiber optic","Electronic check",No,No,No,No
6015-VVHHE,5,Month-to-month,83.15,"Fiber optic","Credit card (automatic)",No,No,No,Yes
8714-CTZJW,4,Month-to-month,82.85,"Fiber optic","Credit card (automatic)",No,No,Yes,No
3727-RJMEO,6,Month-to-month,82.85,"Fiber optic","Electronic check",No,No,No,Yes
0742-NXBGR,1,Month-to-month,82.3,"Fiber optic","Electronic check",No,No,Yes,Yes
7314-OXENN,2,Month-to-month,82,"Fiber optic","Electronic check",No,No,No,Yes
2004-OCQXK,1,Month-to-month,81.95,"Fiber optic","Electronic check",No,No,No,Yes
6772-KSATR,1,Month-to-month,81.7,"Fiber optic","Electronic check",No,Yes,No,Yes
3018-TFTSU,12,Month-to-month,81.7,"Fiber optic","Bank transfer (automatic)",No,Yes,Yes,Yes
9050-IKDZA,2,Month-to-month,81.5,"Fiber optic","Mailed check",No,No,No,No
1508-DFXCU,12,Month-to-month,81.45,"Fiber optic","Electronic check",No,No,No,No
0334-GDDSO,3,Month-to-month,81.35,"Fiber optic","Electronic check",No,No,No,Yes
4143-OOBWZ,5,Month-to-month,81.3,"Fiber optic","Electronic check",No,No,No,Yes
8808-ELEHO,8,Month-to-month,81.25,"Fiber optic","Electronic check",No,No,Yes,Yes
4299-SIMNS,9,Month-to-month,81.15,"Fiber optic","Electronic check",No,Yes,No,No
5445-UTODQ,7,Month-to-month,81.1,"Fiber optic","Electronic check",No,No,No,Yes
4614-NUVZD,1,Month-to-month,81.1,"Fiber optic","Electronic check",No,No,No,Yes
2018-QKYGT,1,Month-to-month,81.05,"Fiber optic","Electronic check",No,No,No,No
4795-KTRTH,5,Month-to-month,81,"Fiber optic","Electronic check",No,No,No,Yes
2612-RRIDN,4,Month-to-month,81,"Fiber optic","Electronic check",No,No,No,Yes
9095-HFAFX,5,Month-to-month,81,"Fiber optic","Credit card (automatic)",No,No,No,Yes
4817-QRJSX,10,Month-to-month,81,"Fiber optic","Credit card (automatic)",No,No,No,Yes
9878-TNQGW,2,Month-to-month,80.95,"Fiber optic","Electronic check",No,No,No,Yes
6786-OBWQR,5,Month-to-month,80.85,"Fiber optic","Electronic check",No,No,No,No
5275-SQEIZ,1,Month-to-month,80.85,"Fiber optic","Mailed check",No,No,No,Yes
1704-NRWYE,9,Month-to-month,80.85,"Fiber optic","Electronic check",No,No,No,Yes
5729-KLZAR,4,Month-to-month,80.85,"Fiber optic","Electronic check",No,No,No,Yes
9957-YODKZ,6,Month-to-month,80.8,"Fiber optic","Electronic check",No,No,Yes,No
6000-APYLU,9,Month-to-month,80.8,"Fiber optic","Electronic check",No,No,No,Yes
6457-USBER,1,Month-to-month,80.8,"Fiber optic","Electronic check",No,No,No,Yes
8183-ONMXC,2,Month-to-month,80.75,"Fiber optic","Electronic check",No,No,No,Yes
6458-CYIDZ,5,Month-to-month,80.7,"Fiber optic","Electronic check",No,Yes,No,No
0940-OUQEC,10,Month-to-month,80.7,"Fiber optic","Bank transfer (automatic)",No,No,No,Yes
3191-CSNMG,3,Month-to-month,80.7,"Fiber optic","Electronic check",No,No,No,No
7760-OYPDY,2,Month-to-month,80.65,"Fiber optic","Electronic check",No,No,No,Yes
7495-OOKFY,8,Month-to-month,80.65,"Fiber optic","Credit card (automatic)",No,No,No,Yes
7563-BIUPC,5,Month-to-month,80.6,"Fiber optic","Electronic check",No,No,No,Yes
2868-SNELZ,2,Month-to-month,80.6,"Fiber optic","Mailed check",No,No,Yes,Yes
7439-DKZTW,1,Month-to-month,80.55,"Fiber optic","Electronic check",No,No,No,No
2737-YNGYW,2,Month-to-month,80.55,"Fiber optic","Electronic check",No,No,No,Yes
3130-ICDUP,2,Month-to-month,80.55,"Fiber optic","Credit card (automatic)",No,Yes,No,No
0570-BFQHT,9,Month-to-month,80.55,"Fiber optic","Electronic check",No,No,Yes,No
0318-QUUOB,1,Month-to-month,80.55,"Fiber optic","Electronic check",No,No,No,Yes
6357-JJPQT,3,Month-to-month,80.5,"Fiber optic","Electronic check",No,No,No,No
6330-JKLPC,11,Month-to-month,80.5,"Fiber optic","Bank transfer (automatic)",No,No,No,Yes
9840-DVNDC,6,Month-to-month,80.5,"Fiber optic","Credit card (automatic)",No,No,No,Yes
2867-UIMSS,1,Month-to-month,80.5,"Fiber optic","Electronic check",No,No,No,Yes
6923-JHPMP,2,Month-to-month,80.45,"Fiber optic","Electronic check",No,Yes,Yes,No
9391-EOYLI,12,Month-to-month,80.45,"Fiber optic","Electronic check",No,No,No,Yes
2397-BRLOM,8,Month-to-month,80.45,"Fiber optic","Credit card (automatic)",No,No,No,Yes
4086-YQSNZ,3,Month-to-month,80.4,"Fiber optic","Electronic check",No,No,No,Yes
2789-HQBOU,3,Month-to-month,80.35,"Fiber optic","Electronic check",No,No,No,No
2959-MJHIC,4,Month-to-month,80.35,"Fiber optic","Electronic check",No,No,No,Yes
9897-KXHCM,3,Month-to-month,80.3,"Fiber optic","Electronic check",No,No,No,Yes
2674-MIAHT,4,Month-to-month,80.3,"Fiber optic","Mailed check",No,No,No,No
7903-CMPEY,1,Month-to-month,80.3,"Fiber optic","Electronic check",No,Yes,No,Yes
0947-IDHRQ,7,Month-to-month,80.3,"Fiber optic","Mailed check",No,No,No,Yes
4572-DVCGN,10,Month-to-month,80.25,"Fiber optic","Bank transfer (automatic)",No,No,No,Yes
5494-HECPR,1,Month-to-month,80.25,"Fiber optic","Electronic check",No,No,No,Yes
1251-STYSZ,4,Month-to-month,80.25,"Fiber optic","Electronic check",No,Yes,No,No
9689-PTNPG,2,Month-to-month,80.25,"Fiber optic","Electronic check",No,No,No,Yes
8086-OVPWV,2,Month-to-month,80.2,"Fiber optic","Electronic check",No,No,No,Yes
4529-CKBCL,2,Month-to-month,80.2,"Fiber optic","Electronic check",No,No,No,Yes
0137-OCGAB,1,Month-to-month,80.2,"Fiber optic","Mailed check",No,No,No,Yes
6918-UMQCG,5,Month-to-month,80.2,"Fiber optic","Electronic check",No,No,No,No
0793-TWELN,4,Month-to-month,80.15,"Fiber optic","Electronic check",No,Yes,No,No
6086-ESGRL,1,Month-to-month,80.15,"Fiber optic","Credit card (automatic)",No,No,No,Yes
7693-LCKZL,5,Month-to-month,80.15,"Fiber optic","Electronic check",No,No,No,Yes
4277-PVRAN,8,Month-to-month,80.1,"Fiber optic","Bank transfer (automatic)",No,No,No,Yes
3904-UKFRE,4,Month-to-month,80.1,"Fiber optic","Electronic check",No,Yes,No,No
9696-RMYBA,5,Month-to-month,80.1,"Fiber optic","Mailed check",No,No,No,No
4547-KQRTM,10,Month-to-month,80.05,"Fiber optic","Bank transfer (automatic)",No,No,No,Yes
8821-XNHVZ,1,Month-to-month,80.05,"Fiber optic","Mailed check",No,No,No,Yes
6496-JDSSB,8,Month-to-month,80,"Fiber optic","Bank transfer (automatic)",No,No,No,No
1448-PWKYE,1,Month-to-month,80,"Fiber optic","Electronic check",No,No,No,Yes
6941-PMGEP,5,Month-to-month,80,"Fiber optic","Electronic check",No,No,No,Yes
4234-XTNEA,2,Month-to-month,79.95,"Fiber optic","Electronic check",No,No,No,No
1184-PJVDB,10,Month-to-month,79.95,"Fiber optic","Electronic check",No,No,No,Yes
9300-RENDD,1,Month-to-month,79.95,"Fiber optic","Electronic check",No,No,No,Yes
2187-PKZAY,12,Month-to-month,79.95,"Fiber optic","Bank transfer (automatic)",No,No,No,No
1285-OKIPP,1,Month-to-month,79.9,"Fiber optic","Electronic check",No,No,No,Yes
0495-ZBNGW,5,Month-to-month,79.9,"Fiber optic","Bank transfer (automatic)",No,No,Yes,Yes
6161-UUUTA,3,Month-to-month,79.9,"Fiber optic","Electronic check",No,No,No,Yes
4806-KEXQR,4,Month-to-month,79.9,"Fiber optic","Electronic check",No,No,No,Yes
0727-IWKVK,9,Month-to-month,79.9,"Fiber optic","Electronic check",No,No,Yes,Yes
7410-OIEDU,10,Month-to-month,79.85,"Fiber optic","Mailed check",No,Yes,Yes,No
9773-PEQBZ,10,Month-to-month,79.85,"Fiber optic","Electronic check",No,No,No,No
8104-OSKWT,12,Month-to-month,79.8,"Fiber optic","Electronic check",No,Yes,No,No
7363-QTBIW,9,Month-to-month,79.75,"Fiber optic","Electronic check",No,No,No,No
1981-INRFU,2,Month-to-month,79.75,"Fiber optic","Electronic check",No,No,No,Yes
9317-WZPGV,2,Month-to-month,79.75,"Fiber optic","Bank transfer (automatic)",No,No,No,Yes
0495-RVCBF,1,Month-to-month,79.7,"Fiber optic","Electronic check",No,No,No,Yes
8642-GVWRF,2,Month-to-month,79.7,"Fiber optic","Bank transfer (automatic)",No,No,Yes,Yes
6437-UKHMV,7,Month-to-month,79.7,"Fiber optic","Electronic check",No,No,No,Yes
6229-LSCKB,6,Month-to-month,79.7,"Fiber optic","Electronic check",No,No,No,No
8128-YVJRG,7,Month-to-month,79.65,"Fiber optic","Mailed check",No,Yes,No,Yes
8943-URTMR,2,Month-to-month,79.65,"Fiber optic","Mailed check",No,No,No,Yes
8058-INTPH,1,Month-to-month,79.65,"Fiber optic","Electronic check",No,No,No,Yes
7594-RQHXR,1,Month-to-month,79.6,"Fiber optic","Electronic check",No,No,No,Yes
4713-LZDRV,2,Month-to-month,79.6,"Fiber optic","Electronic check",No,No,No,Yes
5393-RXQSZ,1,Month-to-month,79.6,"Fiber optic","Electronic check",No,No,No,Yes
1761-AEZZR,1,Month-to-month,79.55,"Fiber optic","Electronic check",No,No,No,Yes
2688-BHGOG,9,Month-to-month,79.55,"Fiber optic","Electronic check",No,No,No,No
9019-QVLZD,1,Month-to-month,79.55,"Fiber optic","Electronic check",No,No,No,Yes
3420-YJLQT,2,Month-to-month,79.55,"Fiber optic","Electronic check",No,No,No,No
0872-NXJYS,9,Month-to-month,79.55,"Fiber optic","Electronic check",No,No,No,Yes
6618-RYATB,1,Month-to-month,79.55,"Fiber optic","Mailed check",No,No,Yes,Yes
6416-YJTTB,11,Month-to-month,79.5,"Fiber optic","Bank transfer (automatic)",No,Yes,Yes,No
5442-XSDCW,11,Month-to-month,79.5,"Fiber optic","Bank transfer (automatic)",No,No,No,Yes
2514-GINMM,1,Month-to-month,79.5,"Fiber optic","Electronic check",No,No,No,Yes
3422-GALYP,2,Month-to-month,79.45,"Fiber optic","Electronic check",No,No,No,No
7074-IEVOJ,3,Month-to-month,79.4,"Fiber optic","Electronic check",No,No,No,Yes
1678-FYZOW,3,Month-to-month,79.4,"Fiber optic","Electronic check",No,No,No,Yes
5919-TMRGD,1,Month-to-month,79.35,"Fiber optic","Electronic check",No,No,No,Yes
4910-AQFFX,9,Month-to-month,79.35,"Fiber optic","Bank transfer (automatic)",No,No,Yes,Yes
9507-EXLTT,1,Month-to-month,79.35,"Fiber optic","Bank transfer (automatic)",No,No,No,Yes
2026-TGDHM,7,Month-to-month,79.3,"Fiber optic","Electronic check",No,No,No,Yes
8225-BTJAU,10,Month-to-month,79.25,"Fiber optic","Electronic check",No,No,No,Yes
2868-MZAGQ,1,Month-to-month,79.25,"Fiber optic","Electronic check",No,No,No,Yes
6110-OHIHY,3,Month-to-month,79.25,"Fiber optic","Electronic check",No,No,No,Yes
6567-HOOPW,1,Month-to-month,79.2,"Fiber optic","Electronic check",No,No,No,Yes
5561-NWEVX,2,Month-to-month,79.2,"Fiber optic","Electronic check",No,No,Yes,Yes
4210-QFJMF,4,Month-to-month,79.15,"Fiber optic","Electronic check",No,No,No,Yes
2254-DLXRI,1,Month-to-month,79.15,"Fiber optic","Mailed check",No,No,No,No
5271-DBYSJ,11,Month-to-month,79.15,"Fiber optic","Credit card (automatic)",No,No,No,No
7493-TPUWZ,1,Month-to-month,79.15,"Fiber optic","Electronic check",No,No,No,Yes
8580-AECUZ,1,Month-to-month,79.1,"Fiber optic","Electronic check",No,No,No,Yes
4587-NUKOX,3,Month-to-month,79.1,"Fiber optic","Electronic check",No,Yes,No,Yes
6400-BWQKW,6,Month-to-month,79.05,"Fiber optic","Electronic check",No,Yes,No,Yes
5960-WPXQM,1,Month-to-month,79.05,"Fiber optic","Electronic check",No,No,No,Yes
7198-GLXTC,2,Month-to-month,79,"Fiber optic","Electronic check",No,No,No,Yes
3088-LHEFH,11,Month-to-month,79,"Fiber optic","Bank transfer (automatic)",No,Yes,No,No
7638-QVMVY,7,Month-to-month,79,"Fiber optic","Electronic check",No,No,No,Yes
8752-STIVR,4,Month-to-month,79,"Fiber optic","Electronic check",No,No,No,Yes
8637-XJIVR,12,Month-to-month,78.95,"Fiber optic","Electronic check",No,Yes,No,Yes
6689-TCZHQ,5,Month-to-month,78.95,"Fiber optic","Electronic check",No,No,No,Yes
5760-FXFVO,6,Month-to-month,78.95,"Fiber optic","Electronic check",No,Yes,No,No
8740-CRYFY,1,Month-to-month,78.95,"Fiber optic","Electronic check",No,No,No,Yes
3855-ONCAR,4,Month-to-month,78.9,"Fiber optic","Mailed check",No,No,No,No
9231-ZJYAM,4,Month-to-month,78.85,"Fiber optic","Electronic check",No,No,No,Yes
6372-RFVNS,1,Month-to-month,78.8,"Fiber optic","Electronic check",No,No,No,Yes
1569-TTNYJ,5,Month-to-month,78.75,"Fiber optic","Electronic check",No,No,No,Yes
6175-IRFIT,5,Month-to-month,78.75,"Fiber optic","Mailed check",No,No,No,No
8945-GRKHX,1,Month-to-month,78.65,"Fiber optic","Electronic check",No,No,No,Yes
4059-IIEBK,7,Month-to-month,78.55,"Fiber optic","Bank transfer (automatic)",No,No,No,No
1304-NECVQ,2,Month-to-month,78.55,"Fiber optic","Electronic check",No,No,Yes,Yes
5288-AHOUP,11,Month-to-month,78.5,"Fiber optic","Electronic check",No,No,No,No
9837-BMCLM,3,Month-to-month,78.5,"Fiber optic","Electronic check",No,No,No,Yes
3249-ZPQRG,4,Month-to-month,78.45,"Fiber optic","Electronic check",No,No,No,Yes
9885-CSMWE,1,Month-to-month,78.45,"Fiber optic","Electronic check",No,No,No,Yes
6178-KFNHS,12,Month-to-month,78.3,"Fiber optic","Electronic check",No,Yes,No,Yes
5606-AMZBO,10,Month-to-month,78.15,"Fiber optic","Credit card (automatic)",No,Yes,No,No
3096-IZETN,12,Month-to-month,78.1,"Fiber optic","Bank transfer (automatic)",No,No,No,Yes
7072-MBHEV,11,Month-to-month,78.1,"Fiber optic","Credit card (automatic)",No,No,Yes,No
2777-PHDEI,1,Month-to-month,78.05,"Fiber optic","Electronic check",No,No,No,Yes
8981-FJGLA,11,Month-to-month,78,"Fiber optic","Mailed check",No,No,Yes,No
7786-WBJYI,4,Month-to-month,77.95,"Fiber optic","Bank transfer (automatic)",No,No,No,Yes
6376-GAHQE,4,Month-to-month,77.85,"Fiber optic","Electronic check",No,No,No,Yes
2754-XBHTB,9,Month-to-month,77.65,"Fiber optic","Bank transfer (automatic)",No,No,No,Yes
8543-MSDMF,3,Month-to-month,77.4,DSL,"Electronic check",No,Yes,Yes,No
2609-IAICY,1,Month-to-month,77.15,"Fiber optic","Electronic check",No,No,No,Yes
8258-GSTJK,3,Month-to-month,77,"Fiber optic","Electronic check",No,No,No,Yes
5835-BEQEU,3,Month-to-month,76.95,"Fiber optic","Electronic check",No,No,No,Yes
1219-NNDDO,9,Month-to-month,76.85,"Fiber optic","Electronic check",No,No,No,No
2919-HBCJO,4,Month-to-month,76.65,"Fiber optic","Bank transfer (automatic)",No,No,No,Yes
1689-YQBYY,12,Month-to-month,76.6,"Fiber optic","Electronic check",No,No,No,No
7625-XCQRH,11,Month-to-month,76.5,"Fiber optic","Electronic check",No,No,No,Yes
0637-KVDLV,2,Month-to-month,76.5,"Fiber optic","Electronic check",No,No,No,Yes
2070-FNEXE,7,Month-to-month,76.45,"Fiber optic","Bank transfer (automatic)",No,Yes,No,Yes
9248-OJYKK,1,Month-to-month,76.45,"Fiber optic","Electronic check",No,No,No,Yes
7598-UAASY,2,Month-to-month,76.4,"Fiber optic","Electronic check",No,No,Yes,Yes
3969-GYXEL,11,Month-to-month,76.4,"Fiber optic","Electronic check",No,Yes,No,No
3296-SILRA,1,Month-to-month,76.4,"Fiber optic","Mailed check",No,No,No,Yes
6910-HADCM,1,Month-to-month,76.35,"Fiber optic","Electronic check",No,No,Yes,Yes
5928-QLDHB,9,Month-to-month,76.25,"Fiber optic","Electronic check",No,No,No,No
9444-JTXHZ,1,Month-to-month,76.2,"Fiber optic","Electronic check",No,No,Yes,Yes
3370-HXOPH,3,Month-to-month,76.1,"Fiber optic","Electronic check",No,No,No,No
7576-OYWBN,3,Month-to-month,76.05,"Fiber optic","Electronic check",No,No,No,Yes
8443-ZRDBZ,4,Month-to-month,76.05,"Fiber optic","Electronic check",No,No,No,Yes
6960-HVYXR,1,Month-to-month,76,"Fiber optic","Electronic check",No,No,No,Yes
1618-CFHME,2,Month-to-month,75.9,"Fiber optic","Electronic check",No,No,No,Yes
5035-BVCXS,11,Month-to-month,75.9,"Fiber optic","Mailed check",No,No,No,No
3074-GQWYX,5,Month-to-month,75.9,"Fiber optic","Bank transfer (automatic)",No,No,No,Yes
3519-ZKXGG,3,Month-to-month,75.85,"Fiber optic","Electronic check",No,No,No,Yes
7354-OIJLX,9,Month-to-month,75.85,"Fiber optic","Electronic check",No,No,No,No
7595-EUIVN,1,Month-to-month,75.8,"Fiber optic","Electronic check",No,No,No,Yes
5159-YFPKQ,2,Month-to-month,75.8,"Fiber optic","Electronic check",No,No,Yes,Yes
4581-SSPWD,3,Month-to-month,75.8,"Fiber optic","Electronic check",No,No,No,Yes
1262-OPMFY,9,Month-to-month,75.75,"Fiber optic","Bank transfer (automatic)",No,No,Yes,Yes
5652-MSDEY,10,Month-to-month,75.75,"Fiber optic","Mailed check",No,No,No,No
7130-VTEWQ,8,Month-to-month,75.75,"Fiber optic","Electronic check",No,No,No,Yes
6894-LFHLY,1,Month-to-month,75.75,"Fiber optic","Electronic check",No,No,No,Yes
8433-WXGNA,2,Month-to-month,75.7,"Fiber optic","Electronic check",No,Yes,No,Yes
5196-SGOAK,1,Month-to-month,75.7,"Fiber optic","Electronic check",No,No,No,Yes
4749-OJKQU,4,Month-to-month,75.65,"Fiber optic","Electronic check",No,No,No,No
8584-KMVXD,8,Month-to-month,75.6,"Fiber optic","Electronic check",No,No,No,No
6198-ZFIOJ,5,Month-to-month,75.6,"Fiber optic","Electronic check",No,No,No,No
3987-KQDDU,9,Month-to-month,75.6,"Fiber optic","Electronic check",No,Yes,No,No
0506-LVNGN,5,Month-to-month,75.55,"Fiber optic","Credit card (automatic)",No,No,Yes,Yes
5043-TRZWM,1,Month-to-month,75.55,"Fiber optic","Electronic check",No,No,Yes,No
7817-BOQPW,2,Month-to-month,75.55,"Fiber optic","Electronic check",No,No,No,Yes
9250-WYPLL,5,Month-to-month,75.55,"Fiber optic","Electronic check",No,No,No,Yes
7020-OZKXZ,9,Month-to-month,75.5,"Fiber optic","Credit card (automatic)",No,No,Yes,No
8185-UPYBR,6,Month-to-month,75.5,"Fiber optic","Electronic check",No,No,No,Yes
1320-HTRDR,3,Month-to-month,75.5,"Fiber optic","Electronic check",No,No,No,Yes
5834-ASPWA,1,Month-to-month,75.45,"Fiber optic","Electronic check",No,No,No,Yes
7410-YTJIK,7,Month-to-month,75.45,"Fiber optic","Mailed check",No,No,No,Yes
2516-VQRRV,2,Month-to-month,75.45,"Fiber optic","Mailed check",No,No,No,Yes
2077-MPJQO,7,Month-to-month,75.4,"Fiber optic","Electronic check",No,No,No,No
0221-WMXNQ,4,Month-to-month,75.35,"Fiber optic","Electronic check",No,Yes,No,No
5054-IEXZT,1,Month-to-month,75.35,"Fiber optic","Electronic check",No,No,No,Yes
0840-DFEZH,7,Month-to-month,75.35,"Fiber optic","Electronic check",No,No,No,No
4988-IQIGL,1,Month-to-month,75.35,"Fiber optic","Electronic check",No,No,No,Yes
1602-IJQQE,4,Month-to-month,75.35,"Fiber optic","Electronic check",No,No,No,Yes
1746-TGTWV,1,Month-to-month,75.35,"Fiber optic","Credit card (automatic)",No,No,Yes,No
5564-NEMQO,1,Month-to-month,75.3,"Fiber optic","Bank transfer (automatic)",No,No,Yes,Yes
3627-FHKBK,1,Month-to-month,75.3,"Fiber optic","Mailed check",No,Yes,No,Yes
9787-XVQIU,1,Month-to-month,75.3,"Fiber optic","Electronic check",No,No,No,Yes
9518-XXBXE,10,Month-to-month,75.3,"Fiber optic","Electronic check",No,Yes,No,No
9940-RHLFB,1,Month-to-month,75.3,"Fiber optic","Electronic check",No,No,Yes,Yes
5879-SESNB,11,Month-to-month,75.25,"Fiber optic","Electronic check",No,No,No,No
0925-VYDLG,3,Month-to-month,75.25,"Fiber optic","Electronic check",No,No,No,Yes
3199-XGZCY,8,Month-to-month,75.25,"Fiber optic","Electronic check",No,No,No,No
2460-NGXBJ,11,Month-to-month,75.2,"Fiber optic","Credit card (automatic)",No,No,No,No
0196-JTUQI,9,Month-to-month,75.2,"Fiber optic","Credit card (automatic)",No,No,No,No
9191-MYQKX,7,Month-to-month,75.15,"Fiber optic","Bank transfer (automatic)",No,No,Yes,Yes
8325-QRPZR,7,Month-to-month,75.15,"Fiber optic","Electronic check",No,No,Yes,No
5570-PTWEH,3,Month-to-month,75.15,"Fiber optic","Credit card (automatic)",No,No,No,Yes
1452-VOQCH,1,Month-to-month,75.1,"Fiber optic","Electronic check",No,No,No,No
2276-YDAVZ,3,Month-to-month,75.1,"Fiber optic","Credit card (automatic)",No,No,No,Yes
8816-VXNZD,1,Month-to-month,75.1,"Fiber optic","Electronic check",No,No,No,Yes
7912-SYRQT,7,Month-to-month,75.1,"Fiber optic","Bank transfer (automatic)",No,No,No,Yes
3276-HDUEG,1,Month-to-month,75.05,"Fiber optic","Mailed check",No,No,No,Yes
3966-HRMZA,3,Month-to-month,75.05,"Fiber optic","Mailed check",No,No,Yes,No
9494-MRNYX,10,Month-to-month,75.05,"Fiber optic","Electronic check",No,No,No,No
1980-KXVPM,3,Month-to-month,75.05,"Fiber optic","Credit card (automatic)",No,No,No,Yes
7993-PYKOF,8,Month-to-month,75,"Fiber optic","Electronic check",No,Yes,No,Yes
9552-TGUZV,8,Month-to-month,75,"Fiber optic","Mailed check",No,Yes,No,No
8676-TRMJS,3,Month-to-month,75,"Fiber optic","Mailed check",No,No,No,Yes
1157-BQCUW,1,Month-to-month,74.95,"Fiber optic","Electronic check",No,No,No,Yes
1024-VRZHF,11,Month-to-month,74.95,"Fiber optic","Electronic check",No,No,No,Yes
4090-KPJIP,3,Month-to-month,74.95,"Fiber optic","Electronic check",No,No,No,No
4503-BDXBD,11,Month-to-month,74.95,"Fiber optic","Electronic check",No,No,No,Yes
2080-GKCWQ,2,Month-to-month,74.95,"Fiber optic","Electronic check",No,No,No,No
9274-CNFMO,4,Month-to-month,74.95,"Fiber optic","Electronic check",No,No,No,Yes
6358-LYNGM,1,Month-to-month,74.9,"Fiber optic","Electronic check",No,No,No,Yes
1475-VWVDO,7,Month-to-month,74.9,"Fiber optic","Electronic check",No,No,Yes,No
4229-CZMLL,6,Month-to-month,74.9,"Fiber optic","Electronic check",No,No,No,Yes
6996-KNSML,1,Month-to-month,74.9,"Fiber optic","Electronic check",No,No,Yes,Yes
6711-FLDFB,7,Month-to-month,74.9,"Fiber optic","Electronic check",No,No,No,Yes
0722-TROQR,4,Month-to-month,74.9,"Fiber optic","Electronic check",No,No,No,Yes
7571-YXDAD,2,Month-to-month,74.9,"Fiber optic","Credit card (automatic)",No,No,No,Yes
6856-RAURS,2,Month-to-month,74.9,"Fiber optic","Mailed check",No,No,No,No
3030-YDNRM,8,Month-to-month,74.85,"Fiber optic","Electronic check",No,No,No,No
9334-GWGOW,7,Month-to-month,74.85,"Fiber optic","Electronic check",No,No,No,No
8778-LMWTJ,9,Month-to-month,74.85,"Fiber optic","Electronic check",No,Yes,No,No
7235-NXZCP,2,Month-to-month,74.85,"Fiber optic","Mailed check",No,No,No,Yes
2984-MIIZL,4,Month-to-month,74.8,"Fiber optic","Bank transfer (automatic)",No,No,Yes,Yes
2800-VEQXM,3,Month-to-month,74.75,"Fiber optic","Mailed check",No,No,Yes,No
4770-UEZOX,2,Month-to-month,74.75,"Fiber optic","Electronic check",No,No,No,No
9169-BSVIN,12,Month-to-month,74.75,DSL,"Bank transfer (automatic)",No,No,Yes,No
4282-YMKNA,9,Month-to-month,74.75,"Fiber optic","Electronic check",No,No,No,Yes
8065-YKXKD,10,Month-to-month,74.75,"Fiber optic","Electronic check",No,No,No,Yes
6424-ELEYH,3,Month-to-month,74.75,"Fiber optic","Credit card (automatic)",No,No,No,Yes
9399-APLBT,1,Month-to-month,74.7,"Fiber optic","Electronic check",No,No,No,Yes
5240-IJOQT,1,Month-to-month,74.7,"Fiber optic","Electronic check",No,No,No,Yes
2761-OCIAX,2,Month-to-month,74.7,"Fiber optic","Electronic check",No,No,No,Yes
3765-JXVKY,1,Month-to-month,74.7,"Fiber optic","Electronic check",No,No,No,Yes
0927-LCSMG,7,Month-to-month,74.65,"Fiber optic","Mailed check",No,No,Yes,Yes
7341-LXCAF,4,Month-to-month,74.65,"Fiber optic","Electronic check",No,No,No,Yes
5399-ZIMKF,5,Month-to-month,74.65,"Fiber optic","Electronic check",No,No,No,No
1518-VOWAV,9,Month-to-month,74.65,DSL,"Electronic check",No,Yes,No,Yes
2024-BASKD,1,Month-to-month,74.6,"Fiber optic","Mailed check",No,No,Yes,Yes
1866-OBPNR,1,Month-to-month,74.6,"Fiber optic","Credit card (automatic)",No,No,No,No
5405-ZMYXQ,8,Month-to-month,74.6,"Fiber optic","Credit card (automatic)",No,No,No,No
3746-EUBYR,1,Month-to-month,74.6,"Fiber optic","Bank transfer (automatic)",No,No,No,Yes
3411-WLRSQ,3,Month-to-month,74.6,"Fiber optic","Bank transfer (automatic)",No,No,No,No
0709-TVGUR,9,Month-to-month,74.55,"Fiber optic","Electronic check",No,No,No,Yes
1428-GTBJJ,11,Month-to-month,74.55,"Fiber optic","Electronic check",No,No,No,Yes
2325-NBPZG,3,Month-to-month,74.55,"Fiber optic","Electronic check",No,Yes,No,No
3488-PGMQJ,8,Month-to-month,74.5,"Fiber optic","Electronic check",No,No,No,Yes
7180-PISOG,1,Month-to-month,74.5,"Fiber optic","Electronic check",No,No,No,Yes
3235-ETOOB,8,Month-to-month,74.5,"Fiber optic","Electronic check",No,Yes,No,Yes
7823-JSOAG,3,Month-to-month,74.5,"Fiber optic","Electronic check",No,No,No,No
4415-IJZTP,1,Month-to-month,74.5,"Fiber optic","Electronic check",No,No,No,Yes
1197-BVMVG,4,Month-to-month,74.45,"Fiber optic","Electronic check",No,No,No,No
2982-IHMFT,1,Month-to-month,74.45,"Fiber optic","Mailed check",No,No,No,Yes
9398-MMQTO,3,Month-to-month,74.45,"Fiber optic","Credit card (automatic)",No,No,No,No
0723-DRCLG,1,Month-to-month,74.45,"Fiber optic","Electronic check",No,No,No,Yes
0404-SWRVG,3,Month-to-month,74.4,"Fiber optic","Electronic check",No,No,No,Yes
0388-EOPEX,2,Month-to-month,74.4,"Fiber optic","Electronic check",No,Yes,No,Yes
6680-WKXRZ,3,Month-to-month,74.4,"Fiber optic","Bank transfer (automatic)",No,No,No,Yes
8699-ASUFO,7,Month-to-month,74.4,"Fiber optic","Mailed check",No,No,No,Yes
4102-OQUPX,1,Month-to-month,74.4,"Fiber optic","Electronic check",No,No,No,Yes
4505-EXZHB,6,Month-to-month,74.4,"Fiber optic","Electronic check",No,No,Yes,Yes
3551-HUAZH,1,Month-to-month,74.4,"Fiber optic","Electronic check",No,No,No,Yes
8361-LTMKD,4,Month-to-month,74.4,"Fiber optic","Mailed check",No,No,No,Yes
8372-JUXUI,1,Month-to-month,74.35,"Fiber optic","Electronic check",No,No,No,Yes
5956-VKDTT,5,Month-to-month,74.35,"Fiber optic","Electronic check",No,No,No,Yes
4274-OWWYO,1,Month-to-month,74.35,"Fiber optic","Electronic check",No,No,No,Yes
1867-BDVFH,11,Month-to-month,74.35,"Fiber optic","Electronic check",No,No,No,Yes
9840-EFJQB,1,Month-to-month,74.35,"Fiber optic","Electronic check",No,No,No,No
4343-EJVQB,7,Month-to-month,74.35,"Fiber optic","Mailed check",No,Yes,No,No
8083-YTZES,4,Month-to-month,74.35,"Fiber optic","Electronic check",No,No,No,Yes
8775-ERLNB,1,Month-to-month,74.3,"Fiber optic","Electronic check",No,No,No,No
9894-EZEWG,1,Month-to-month,74.3,"Fiber optic","Credit card (automatic)",No,No,No,Yes
4116-TZAQJ,9,Month-to-month,74.25,"Fiber optic","Credit card (automatic)",No,Yes,No,Yes
3707-GNWHM,1,Month-to-month,74.25,"Fiber optic","Mailed check",No,No,No,Yes
9306-CPCBC,3,Month-to-month,74.25,"Fiber optic","Electronic check",No,No,No,Yes
2880-FPNAE,2,Month-to-month,74.2,"Fiber optic","Electronic check",No,No,Yes,No
1833-VGRUM,1,Month-to-month,74.2,"Fiber optic","Electronic check",No,No,No,Yes
6347-DCUIK,10,Month-to-month,74.15,"Fiber optic","Mailed check",No,No,No,Yes
1658-TJVOA,6,Month-to-month,74.1,"Fiber optic","Electronic check",No,Yes,No,No
9850-OWRHQ,3,Month-to-month,74.1,"Fiber optic","Credit card (automatic)",No,No,No,Yes
6860-YRJZP,9,Month-to-month,74.05,"Fiber optic","Electronic check",No,No,No,No
4480-QQRHC,8,Month-to-month,74.05,"Fiber optic","Bank transfer (automatic)",No,No,Yes,No
0004-TLHLJ,4,Month-to-month,73.9,"Fiber optic","Electronic check",No,No,Yes,Yes
0122-OAHPZ,7,Month-to-month,73.85,"Fiber optic","Electronic check",No,No,No,Yes
4854-CIDCF,3,Month-to-month,73.85,"Fiber optic","Electronic check",No,No,Yes,No
8873-GLDMH,6,Month-to-month,73.85,"Fiber optic","Mailed check",No,No,No,No
6339-YPSAH,9,Month-to-month,73.8,"Fiber optic","Electronic check",No,No,Yes,No
4585-HETAI,4,Month-to-month,73.75,"Fiber optic","Electronic check",No,No,Yes,Yes
3070-DVEYC,7,Month-to-month,73.75,"Fiber optic","Mailed check",No,No,No,Yes
7603-USHJS,12,Month-to-month,73.75,"Fiber optic","Credit card (automatic)",No,No,No,Yes
8473-VUVJN,1,Month-to-month,73.65,"Fiber optic","Electronic check",No,No,No,Yes
6390-DSAZX,1,Month-to-month,73.6,"Fiber optic","Mailed check",No,Yes,No,Yes
8617-ENBDS,3,Month-to-month,73.6,"Fiber optic","Credit card (automatic)",No,No,Yes,No
1196-AMORA,7,Month-to-month,73.6,"Fiber optic","Electronic check",No,No,No,Yes
6513-EECDB,1,Month-to-month,73.55,"Fiber optic","Electronic check",No,No,No,Yes
2983-ZANRP,2,Month-to-month,73.55,"Fiber optic","Bank transfer (automatic)",No,No,No,Yes
9747-DDZOS,1,Month-to-month,73.5,"Fiber optic","Bank transfer (automatic)",No,No,Yes,Yes
5108-ADXWO,11,Month-to-month,73.5,"Fiber optic","Electronic check",No,Yes,No,Yes
8541-QVFKM,8,Month-to-month,73.5,"Fiber optic","Electronic check",No,No,No,No
8224-DWCKX,12,Month-to-month,73.3,"Fiber optic","Credit card (automatic)",No,No,No,No
6221-AVQYL,2,Month-to-month,73.25,"Fiber optic","Credit card (automatic)",No,No,No,Yes
1977-STDKI,1,Month-to-month,73,"Fiber optic","Electronic check",No,No,No,Yes
1391-UBDAR,11,Month-to-month,72.9,"Fiber optic","Electronic check",No,No,Yes,No
1907-UBQFC,10,Month-to-month,72.85,"Fiber optic","Electronic check",No,No,No,Yes
0581-BXBUB,4,Month-to-month,72.75,"Fiber optic","Electronic check",No,No,No,No
3295-YVUSR,2,Month-to-month,72.6,"Fiber optic","Mailed check",No,No,No,No
8111-RKSPX,4,Month-to-month,72.2,"Fiber optic","Bank transfer (automatic)",No,No,No,Yes
6331-LWDTQ,10,Month-to-month,72.15,DSL,"Credit card (automatic)",No,No,No,Yes
0021-IKXGC,1,Month-to-month,72.1,"Fiber optic","Electronic check",No,No,No,No
8380-PEFPE,1,Month-to-month,71.65,"Fiber optic","Electronic check",No,No,No,Yes
0508-OOLTO,2,Month-to-month,71.65,"Fiber optic","Electronic check",No,No,No,No
8644-XLFBW,1,Month-to-month,71.65,"Fiber optic","Electronic check",No,No,No,Yes
6140-QNRQQ,1,Month-to-month,71.55,"Fiber optic","Mailed check",No,No,No,Yes
3420-ZDBMA,5,Month-to-month,71.45,"Fiber optic","Mailed check",No,No,No,No
3177-LASXD,1,Month-to-month,71.35,"Fiber optic","Electronic check",No,No,No,Yes
8042-JVNFH,1,Month-to-month,71.35,"Fiber optic","Mailed check",No,No,No,Yes
4450-DLLMH,2,Month-to-month,71.3,"Fiber optic","Credit card (automatic)",No,No,No,No
3878-AVSOQ,1,Month-to-month,71.25,"Fiber optic","Electronic check",No,No,No,No
9488-HGMJH,1,Month-to-month,71.15,"Fiber optic","Electronic check",No,No,No,Yes
8040-MNRTF,1,Month-to-month,71.1,"Fiber optic","Mailed check",No,No,No,No
0511-JTEOY,1,Month-to-month,71.1,"Fiber optic","Mailed check",No,No,No,Yes
1077-HUUJM,7,Month-to-month,71.05,"Fiber optic","Electronic check",No,No,No,No
7409-KIUTL,1,Month-to-month,71,"Fiber optic","Electronic check",No,No,No,Yes
3422-LYEPQ,1,Month-to-month,71,"Fiber optic","Electronic check",No,No,No,Yes
3627-FCRDW,9,Month-to-month,71,"Fiber optic","Electronic check",No,No,No,Yes
3721-CNEYS,2,Month-to-month,70.95,"Fiber optic","Electronic check",No,No,No,Yes
3376-BMGFE,4,Month-to-month,70.9,"Fiber optic","Bank transfer (automatic)",No,No,No,Yes
0151-ONTOV,1,Month-to-month,70.9,"Fiber optic","Mailed check",No,No,No,Yes
0812-WUPTB,1,Month-to-month,70.85,"Fiber optic","Mailed check",No,No,No,Yes
1031-IIDEO,1,Month-to-month,70.85,"Fiber optic","Electronic check",No,No,No,Yes
0968-GSIKN,1,Month-to-month,70.8,"Fiber optic","Mailed check",No,No,No,Yes
3866-MDTUB,2,Month-to-month,70.75,DSL,"Electronic check",No,Yes,No,Yes
0519-XUZJU,1,Month-to-month,70.75,"Fiber optic","Mailed check",No,No,No,Yes
0685-MLYYM,2,Month-to-month,70.75,"Fiber optic","Electronic check",No,No,No,Yes
9237-HQITU,2,Month-to-month,70.7,"Fiber optic","Electronic check",No,No,No,Yes
3717-OEAUQ,2,Month-to-month,70.7,"Fiber optic","Mailed check",No,No,No,No
7967-HYCDE,8,Month-to-month,70.7,"Fiber optic","Bank transfer (automatic)",No,No,No,No
8835-VSDSE,2,Month-to-month,70.7,"Fiber optic","Electronic check",No,No,No,Yes
5028-GZLDO,2,Month-to-month,70.7,"Fiber optic","Credit card (automatic)",No,No,No,Yes
5032-MIYKT,1,Month-to-month,70.7,"Fiber optic","Mailed check",No,No,No,No
0644-OQMDK,4,Month-to-month,70.65,"Fiber optic","Electronic check",No,No,No,No
4342-HENTK,2,Month-to-month,70.65,"Fiber optic","Electronic check",No,No,No,Yes
1122-JWTJW,1,Month-to-month,70.65,"Fiber optic","Mailed check",No,No,No,Yes
5940-AHUHD,1,Month-to-month,70.6,"Fiber optic","Mailed check",No,No,No,Yes
8309-IEYJD,1,Month-to-month,70.6,"Fiber optic","Mailed check",No,No,No,No
9617-INGJY,1,Month-to-month,70.6,"Fiber optic","Mailed check",No,No,No,No
5376-DEQCP,1,Month-to-month,70.6,"Fiber optic","Electronic check",No,No,No,Yes
8051-HJRLT,1,Month-to-month,70.55,"Fiber optic","Electronic check",No,No,No,Yes
9620-ENEJV,6,Month-to-month,70.55,"Fiber optic","Credit card (automatic)",No,No,No,No
8270-RKSAP,9,Month-to-month,70.5,"Fiber optic","Electronic check",No,No,No,No
3496-LFSZU,4,Month-to-month,70.5,"Fiber optic","Electronic check",No,No,No,No
1915-IOFGU,1,Month-to-month,70.5,"Fiber optic","Electronic check",No,No,No,Yes
0390-DCFDQ,1,Month-to-month,70.45,"Fiber optic","Mailed check",No,No,No,Yes
0515-YPMCW,1,Month-to-month,70.45,"Fiber optic","Mailed check",No,No,No,Yes
4629-NRXKX,2,Month-to-month,70.4,"Fiber optic","Electronic check",No,No,No,Yes
4763-PGDPO,4,Month-to-month,70.4,"Fiber optic","Electronic check",No,No,No,Yes
2055-PDADH,3,Month-to-month,70.4,"Fiber optic","Electronic check",No,No,No,Yes
4759-TRPLW,1,Month-to-month,70.4,"Fiber optic","Electronic check",No,No,No,Yes
2905-KFQUV,2,Month-to-month,70.4,"Fiber optic","Credit card (automatic)",No,No,No,No
5804-LEPIM,2,Month-to-month,70.35,"Fiber optic","Electronic check",No,No,No,Yes
7321-VGNKU,2,Month-to-month,70.35,"Fiber optic","Electronic check",No,No,No,No
7465-ZZRVX,1,Month-to-month,70.35,"Fiber optic","Electronic check",No,No,No,No
5442-BHQNG,2,Month-to-month,70.35,"Fiber optic","Electronic check",No,No,No,No
7379-POKDZ,3,Month-to-month,70.3,"Fiber optic","Electronic check",No,No,No,Yes
5976-JCJRH,10,Month-to-month,70.3,"Fiber optic","Electronic check",No,No,No,Yes
4029-HPFVY,3,Month-to-month,70.3,"Fiber optic","Mailed check",No,No,No,No
9717-QEBGU,2,Month-to-month,70.3,"Fiber optic","Electronic check",No,No,No,No
6653-CBBOM,1,Month-to-month,70.3,"Fiber optic","Electronic check",No,No,No,Yes
6168-WFVVF,3,Month-to-month,70.3,"Fiber optic","Electronic check",No,No,No,Yes
1363-TXLSL,1,Month-to-month,70.3,"Fiber optic","Electronic check",No,No,No,Yes
2446-PLQVO,1,Month-to-month,70.3,"Fiber optic","Electronic check",No,No,No,Yes
2815-CPTUL,5,Month-to-month,70.25,"Fiber optic","Mailed check",No,No,No,Yes
1640-PLFMP,1,Month-to-month,70.25,"Fiber optic","Electronic check",No,No,No,No
3244-DCJWY,1,Month-to-month,70.25,"Fiber optic","Electronic check",No,No,No,Yes
9633-XQABV,3,Month-to-month,70.25,"Fiber optic","Electronic check",No,No,No,No
2501-XWWTZ,11,Month-to-month,70.2,"Fiber optic","Electronic check",No,No,No,No
2568-BRGYX,4,Month-to-month,70.2,"Fiber optic","Electronic check",No,No,No,Yes
7206-PQBBZ,11,Month-to-month,70.2,"Fiber optic","Electronic check",No,No,No,No
2260-USTRB,2,Month-to-month,70.2,"Fiber optic","Bank transfer (automatic)",No,No,No,Yes
7044-YAACC,4,Month-to-month,70.2,"Fiber optic","Electronic check",No,No,No,No
9605-WGJVW,1,Month-to-month,70.2,"Fiber optic","Electronic check",No,No,No,No
9408-SSNVZ,4,Month-to-month,70.15,"Fiber optic","Electronic check",No,No,No,Yes
6077-BDPXA,3,Month-to-month,70.15,"Fiber optic","Electronic check",No,No,No,No
9272-LSVYH,10,Month-to-month,70.15,"Fiber optic","Mailed check",No,No,No,No
1846-XWOQN,1,Month-to-month,70.15,"Fiber optic","Electronic check",No,No,No,Yes
7394-LWLYN,2,Month-to-month,70.15,"Fiber optic","Electronic check",No,No,No,No
2619-WFQWU,1,Month-to-month,70.15,"Fiber optic","Mailed check",No,No,No,Yes
9985-MWVIX,1,Month-to-month,70.15,"Fiber optic","Mailed check",No,No,No,Yes
5931-FLJJF,7,Month-to-month,70.1,"Fiber optic","Mailed check",No,No,No,Yes
2262-SLNVK,1,Month-to-month,70.1,"Fiber optic","Electronic check",No,No,No,No
9540-JYROE,8,Month-to-month,70.1,"Fiber optic","Mailed check",No,No,No,Yes
4702-IOQDC,1,Month-to-month,70.1,"Fiber optic","Electronic check",No,No,No,Yes
6379-RXJRQ,10,Month-to-month,70.1,"Fiber optic","Electronic check",No,No,No,Yes
0328-GRPMV,1,Month-to-month,70.1,"Fiber optic","Electronic check",No,No,No,Yes
5119-NZPTV,2,Month-to-month,70.1,"Fiber optic","Electronic check",No,No,No,No
1304-BCCFO,9,Month-to-month,70.05,DSL,"Mailed check",No,No,Yes,No
6705-LXORM,5,Month-to-month,70.05,"Fiber optic","Electronic check",No,No,No,No
3494-JCHRQ,1,Month-to-month,70.05,"Fiber optic","Electronic check",No,No,No,Yes
9603-OAIHC,1,Month-to-month,70.05,"Fiber optic","Electronic check",No,No,No,No
2608-BHKFN,4,Month-to-month,70.05,"Fiber optic","Credit card (automatic)",No,No,No,Yes
6715-OFDBP,5,Month-to-month,70.05,DSL,"Electronic check",No,No,Yes,Yes
5895-QSXOD,9,Month-to-month,70.05,"Fiber optic","Mailed check",No,No,No,No
